tile,band,source_id,local_x,local_y,major,minor,angle_deg,area,large_center_only
zangetsu_upper_left_x26342_y7477,HSC-I,43158859342159468,260.926340,6.445234,1.418096,1.071197,20.703101,4.772268,0
zangetsu_upper_left_x26342_y7477,HSC-I,43158859342159508,291.604115,23.776633,2.667768,1.518337,39.452768,12.725240,0
zangetsu_upper_left_x26342_y7477,HSC-I,43158859342159518,249.854586,28.361146,0.274192,0.274144,-54.161893,0.236148,0
zangetsu_upper_left_x26342_y7477,HSC-I,43158859342159541,269.888062,39.786373,0.445102,0.445027,-8.700147,0.622294,0
zangetsu_upper_left_x26342_y7477,HSC-I,43158859342159549,126.663718,48.054889,4.515040,3.522660,-86.181373,49.966875,0
zangetsu_upper_left_x26342_y7477,HSC-I,43158859342159550,287.982971,48.390247,1.758751,1.758316,46.588946,9.715183,0
zangetsu_upper_left_x26342_y7477,HSC-I,43158859342159680,237.012320,101.441352,2.782456,1.910251,-44.814800,16.698153,0
zangetsu_upper_left_x26342_y7477,HSC-I,43158859342159688,427.924791,104.332880,0.411071,0.410917,-36.779296,0.530665,0
zangetsu_upper_left_x26342_y7477,HSC-I,43158859342159756,501.469130,130.304969,2.268532,2.267030,-60.215515,16.156677,0
zangetsu_upper_left_x26342_y7477,HSC-I,43158859342159772,365.547532,145.037469,5.975936,1.417400,-65.177286,26.610215,0
zangetsu_upper_left_x26342_y7477,HSC-I,43158859342159775,331.998598,137.018797,36.339330,18.092341,1.886333,2065.482643,1
zangetsu_upper_left_x26342_y7477,HSC-I,43158859342159787,453.800602,152.545728,2.209469,1.472933,-21.643639,10.223999,0
zangetsu_upper_left_x26342_y7477,HSC-I,43158859342159917,198.796405,209.693190,3.060039,2.197706,71.271830,21.127422,0
zangetsu_upper_left_x26342_y7477,HSC-I,43158859342159926,220.896482,210.275932,0.275956,0.275265,11.583907,0.238639,0
zangetsu_upper_left_x26342_y7477,HSC-I,43158859342159961,221.544638,229.272861,0.311759,0.311626,-24.209062,0.305212,0
zangetsu_upper_left_x26342_y7477,HSC-I,43158859342160072,508.972754,281.067169,1.270472,0.569713,52.020917,2.273897,0
zangetsu_upper_left_x26342_y7477,HSC-I,43158859342160141,150.553775,311.755341,0.379180,0.379111,-12.441957,0.451608,0
zangetsu_upper_left_x26342_y7477,HSC-I,43158859342160166,40.451996,328.176343,0.937824,0.638452,-72.264034,1.881045,0
zangetsu_upper_left_x26342_y7477,HSC-I,43158859342160176,221.599510,329.554393,3.250302,2.683848,-74.020818,27.405108,0
zangetsu_upper_left_x26342_y7477,HSC-I,43158859342160209,212.441580,345.347000,1.753370,0.772991,69.092587,4.257924,0
zangetsu_upper_left_x26342_y7477,HSC-I,43158859342160233,74.518091,359.333395,2.339718,1.758210,87.658572,12.923619,0
zangetsu_upper_left_x26342_y7477,HSC-I,43158859342160244,300.502394,360.951239,0.421309,0.421094,-84.828647,0.557353,0
zangetsu_upper_left_x26342_y7477,HSC-I,43158859342160388,44.000000,428.000000,24.751494,11.918004,74.658331,926.733388,0
zangetsu_upper_left_x26342_y7477,HSC-I,43158859342160430,48.422939,445.308718,36.285889,32.530408,-81.442936,3708.319621,1
zangetsu_upper_left_x26342_y7477,HSC-I,43158859342160440,419.292927,453.487640,21.442311,4.557034,-57.445418,306.975496,0
zangetsu_upper_left_x26342_y7477,HSC-I,43158859342160488,305.235380,479.542854,1.726894,0.852761,-27.382750,4.626398,0
zangetsu_upper_left_x26342_y7477,HSC-I,43158859342160521,74.038393,503.651071,5.673375,0.947168,-63.509231,16.881785,0
zangetsu_upper_left_x26342_y7477,HSC-I,43158859342160539,348.038476,506.667014,0.027279,0.027276,-51.929010,0.002338,0
zangetsu_upper_left_x26342_y7477,HSC-I,43158859342161102,27.917266,307.026748,1.440970,1.440774,67.996540,6.522300,0
zangetsu_upper_left_x26342_y7477,HSC-I,43158859342161113,332.000000,468.000000,2.130003,2.128108,66.687765,14.240452,0
zangetsu_upper_left_x26342_y7477,HSC-I,43158859342161583,302.641774,83.024180,0.776286,0.776010,-73.408598,1.892512,0
zangetsu_upper_left_x26342_y7477,HSC-I,43158859342161590,16.217801,203.701472,1.297537,1.296888,72.460694,5.286547,0
zangetsu_upper_left_x26342_y7477,HSC-I,43158859342161591,421.097070,262.280286,1.907972,0.687102,-62.689273,4.118537,0
zangetsu_upper_left_x26342_y7477,HSC-I,43158859342188375,504.936428,58.604173,2.947880,1.223764,30.098160,11.333321,0
zangetsu_upper_left_x26342_y7477,HSC-I,43158859342188377,405.281714,42.944940,0.710138,0.415152,-88.942545,0.926189,0
zangetsu_upper_left_x26342_y7477,HSC-I,43158859342188403,434.160956,49.854134,0.621676,0.621567,14.813384,1.213953,0
zangetsu_upper_left_x26342_y7477,HSC-I,43158859342188414,396.331407,91.294527,8.940143,5.140369,27.495152,144.373884,0
zangetsu_upper_left_x26342_y7477,HSC-I,43158859342188417,390.180244,52.051182,0.455217,0.455097,52.706897,0.650836,0
zangetsu_upper_left_x26342_y7477,HSC-I,43158859342188418,401.800743,78.987212,0.840627,0.840309,35.685250,2.219177,0
zangetsu_upper_left_x26342_y7477,HSC-I,43158859342188436,409.081789,61.020485,0.018130,0.018129,-51.114406,0.001033,0
zangetsu_upper_left_x26342_y7477,HSC-I,43158859342188444,392.257244,65.006901,1.725469,1.722171,-10.643414,9.335407,0
zangetsu_upper_left_x26342_y7477,HSC-I,43158859342188787,46.058113,24.322063,3.232562,1.624213,-61.813397,16.494524,0
zangetsu_upper_left_x26342_y7477,HSC-I,43158859342188790,55.381564,1.027419,1.236927,0.854808,15.982687,3.321713,0
zangetsu_upper_left_x26342_y7477,HSC-I,43158859342188793,19.234809,36.223465,1.941830,1.917992,-2.461208,11.700592,0
zangetsu_upper_left_x26342_y7477,HSC-I,43158859342188794,32.724340,35.679094,0.017487,0.017482,-34.658232,0.000960,0
zangetsu_upper_left_x26342_y7477,HSC-I,43158859342189064,302.901474,4.674720,2.041458,1.635098,26.988654,10.486585,0
zangetsu_upper_left_x26342_y7477,HSC-I,43158859342189067,8.920622,8.184234,3.596124,1.342489,-3.956257,15.166850,0
zangetsu_upper_left_x26342_y7477,HSC-I,43158859342189107,405.221438,5.440085,0.664347,0.664231,5.328782,1.386320,0
zangetsu_upper_left_x26342_y7477,HSC-I,43158859342189118,124.717194,5.176732,2.746145,1.959035,60.477411,16.901125,0
zangetsu_upper_left_x26342_y7477,HSC-I,43158859342189119,136.309005,15.541113,0.300080,0.259731,-6.244106,0.244856,0
zangetsu_upper_left_x26342_y7477,HSC-I,43158859342189120,146.000000,28.000000,12.071728,8.013182,-13.676944,303.895522,0
zangetsu_upper_left_x26342_y7477,HSC-I,43158859342189190,181.239705,30.034633,3.284787,2.493960,43.500237,25.736326,0
zangetsu_upper_left_x26342_y7477,HSC-I,43158859342189191,174.063921,16.182130,3.113437,1.183268,-19.399868,11.573719,0
zangetsu_upper_left_x26342_y7477,HSC-I,43158859342189201,184.198461,6.707098,1.344488,0.878383,68.133223,3.710143,0
zangetsu_upper_left_x26342_y7477,HSC-I,43158859342189253,382.733743,22.055736,0.920235,0.919741,60.403640,2.658974,0
zangetsu_upper_left_x26342_y7477,HSC-I,43158859342189254,386.325495,7.238630,0.602151,0.602041,-7.542093,1.138891,0
zangetsu_upper_left_x26342_y7477,HSC-I,43158859342189338,258.231805,60.387034,3.050174,1.402931,-37.797358,13.443454,0
zangetsu_upper_left_x26342_y7477,HSC-I,43158859342189339,236.506709,51.700489,1.390671,1.335419,65.638561,5.834341,0
zangetsu_upper_left_x26342_y7477,HSC-I,43158859342189362,357.751979,52.658853,3.736752,3.274340,6.499646,38.438634,0
zangetsu_upper_left_x26342_y7477,HSC-I,43158859342189363,340.453605,58.644263,4.684631,1.203438,70.808763,17.711240,0
zangetsu_upper_left_x26342_y7477,HSC-I,43158859342189364,350.353852,39.576970,2.074080,2.073536,-60.330507,13.510983,0
zangetsu_upper_left_x26342_y7477,HSC-I,43158859342189449,114.350140,78.660108,2.113503,2.096813,-13.981034,13.922351,0
zangetsu_upper_left_x26342_y7477,HSC-I,43158859342189459,16.360557,69.622699,3.956284,0.826811,4.084145,10.276465,0
zangetsu_upper_left_x26342_y7477,HSC-I,43158859342189460,32.583471,77.619083,0.368080,0.368051,-18.702133,0.425598,0
zangetsu_upper_left_x26342_y7477,HSC-I,43158859342189539,139.218170,104.496661,0.680945,0.679864,-58.412602,1.454401,0
zangetsu_upper_left_x26342_y7477,HSC-I,43158859342189540,125.135735,111.849057,4.185173,1.225164,-67.625976,16.108591,0
zangetsu_upper_left_x26342_y7477,HSC-I,43158859342189541,144.856827,87.099892,0.466691,0.466310,-31.792433,0.683683,0
zangetsu_upper_left_x26342_y7477,HSC-I,43158859342189542,131.255659,111.201669,2.639441,1.106182,60.516227,9.172515,0
zangetsu_upper_left_x26342_y7477,HSC-I,43158859342189543,127.833929,100.464667,2.321820,1.901026,71.470762,13.866487,0
zangetsu_upper_left_x26342_y7477,HSC-I,43158859342189651,18.477487,119.081516,1.123256,0.552037,-9.127957,1.948033,0
zangetsu_upper_left_x26342_y7477,HSC-I,43158859342189652,55.594436,94.819397,5.170078,3.826027,46.913111,62.143401,0
zangetsu_upper_left_x26342_y7477,HSC-I,43158859342189653,19.170465,103.129244,0.822915,0.623475,7.165113,1.611848,0
zangetsu_upper_left_x26342_y7477,HSC-I,43158859342189654,6.643176,151.784160,4.576736,1.564780,-36.729589,22.498786,0
zangetsu_upper_left_x26342_y7477,HSC-I,43158859342189657,49.209140,116.214668,1.722098,0.971870,52.800474,5.257943,0
zangetsu_upper_left_x26342_y7477,HSC-I,43158859342189658,14.618930,162.891017,0.465703,0.465602,-11.015802,0.681198,0
zangetsu_upper_left_x26342_y7477,HSC-I,43158859342189663,67.050212,111.697892,2.503620,2.208023,-25.577379,17.366881,0
zangetsu_upper_left_x26342_y7477,HSC-I,43158859342189668,195.575269,82.129987,0.852791,0.852070,-4.923469,2.282799,0
zangetsu_upper_left_x26342_y7477,HSC-I,43158859342189669,189.749733,81.584617,5.243945,2.141723,32.708802,35.283463,0
zangetsu_upper_left_x26342_y7477,HSC-I,43158859342189670,193.819975,97.580227,1.059363,1.058609,70.777777,3.523143,0
zangetsu_upper_left_x26342_y7477,HSC-I,43158859342189671,204.302791,101.037207,1.034827,1.032987,-15.928076,3.358244,0
zangetsu_upper_left_x26342_y7477,HSC-I,43158859342189676,93.388526,102.906067,1.736911,1.244149,28.983440,6.788907,0
zangetsu_upper_left_x26342_y7477,HSC-I,43158859342189677,96.720079,89.964872,2.184654,1.444559,-21.632407,9.914435,0
zangetsu_upper_left_x26342_y7477,HSC-I,43158859342189787,290.960924,138.620787,16.629700,9.674360,-54.939159,505.424776,0
zangetsu_upper_left_x26342_y7477,HSC-I,43158859342189788,301.356002,137.860761,21.791570,10.414694,29.634355,712.992376,0
zangetsu_upper_left_x26342_y7477,HSC-I,43158859342189789,280.725668,150.482218,36.055190,21.386779,-24.023023,2422.495870,1
zangetsu_upper_left_x26342_y7477,HSC-I,43158859342189790,291.741609,121.175422,0.723179,0.722968,-62.638670,1.642535,0
zangetsu_upper_left_x26342_y7477,HSC-I,43158859342189791,320.000000,135.000000,26.798223,26.210906,-31.363585,2206.672605,1
zangetsu_upper_left_x26342_y7477,HSC-I,43158859342189792,284.000000,167.000000,7.817178,7.804420,48.513921,191.663965,0
zangetsu_upper_left_x26342_y7477,HSC-I,43158859342189793,453.585255,121.029645,0.796400,0.764440,-79.800167,1.912602,0
zangetsu_upper_left_x26342_y7477,HSC-I,43158859342189794,469.878962,114.172685,4.485762,1.673965,-52.042432,23.590252,0
zangetsu_upper_left_x26342_y7477,HSC-I,43158859342189795,473.682955,128.689970,0.067134,0.067119,-72.775518,0.014156,0
zangetsu_upper_left_x26342_y7477,HSC-I,43158859342189822,339.000000,129.000000,18.918661,14.905354,5.830695,885.895631,0
zangetsu_upper_left_x26342_y7477,HSC-I,43158859342189823,340.829421,123.482122,1.525205,1.524892,23.071036,7.306635,0
zangetsu_upper_left_x26342_y7477,HSC-I,43158859342189858,165.302170,125.451100,2.311166,1.599708,49.001610,11.615068,0
zangetsu_upper_left_x26342_y7477,HSC-I,43158859342189900,79.794897,149.232999,3.836963,1.648068,82.432914,19.866102,0
zangetsu_upper_left_x26342_y7477,HSC-I,43158859342189901,82.274915,140.536509,1.002452,0.786212,39.396880,2.476015,0
zangetsu_upper_left_x26342_y7477,HSC-I,43158859342189902,67.087240,138.956517,1.222577,1.087395,-57.682232,4.176508,0
zangetsu_upper_left_x26342_y7477,HSC-I,43158859342189903,58.948780,134.338147,0.730563,0.729430,-46.962887,1.674139,0
zangetsu_upper_left_x26342_y7477,HSC-I,43158859342189961,506.061635,144.074329,1.131236,1.130756,81.254077,4.018574,0
zangetsu_upper_left_x26342_y7477,HSC-I,43158859342189964,37.208853,153.766613,2.748216,1.503722,56.970878,12.982797,0
zangetsu_upper_left_x26342_y7477,HSC-I,43158859342189965,55.404862,164.269278,2.791136,2.209956,66.840589,19.378248,0
zangetsu_upper_left_x26342_y7477,HSC-I,43158859342189966,37.483955,143.499169,262.873067,63.942431,42.697184,52806.223617,1
zangetsu_upper_left_x26342_y7477,HSC-I,43158859342189967,47.825321,139.422185,1.963548,1.963144,-70.790818,12.109981,0
zangetsu_upper_left_x26342_y7477,HSC-I,43158859342190037,507.504722,170.438248,4.788687,2.405880,39.972185,36.194305,0
zangetsu_upper_left_x26342_y7477,HSC-I,43158859342190038,489.851798,162.054526,1.492713,1.238235,67.644237,5.806697,0
zangetsu_upper_left_x26342_y7477,HSC-I,43158859342190091,1.034411,188.089744,3.952195,1.949923,-26.216245,24.210611,0
zangetsu_upper_left_x26342_y7477,HSC-I,43158859342190103,195.589917,177.630867,5.794326,4.236830,-48.695505,77.124769,0
zangetsu_upper_left_x26342_y7477,HSC-I,43158859342190104,225.793313,171.994949,1.353892,0.663690,-71.661485,2.822923,0
zangetsu_upper_left_x26342_y7477,HSC-I,43158859342190105,288.119697,214.448760,1.681586,1.160000,-57.829325,6.128113,0
zangetsu_upper_left_x26342_y7477,HSC-I,43158859342190106,261.642466,200.642174,3.553681,1.237370,-19.783942,13.814266,0
zangetsu_upper_left_x26342_y7477,HSC-I,43158859342190108,244.732158,193.923318,1.846180,0.858572,1.925082,4.979671,0
zangetsu_upper_left_x26342_y7477,HSC-I,43158859342190109,222.874963,162.537799,3.824218,2.938079,59.299813,35.298476,0
zangetsu_upper_left_x26342_y7477,HSC-I,43158859342190110,282.299022,187.745555,1.341343,1.113336,63.493484,4.691545,0
zangetsu_upper_left_x26342_y7477,HSC-I,43158859342190111,168.876365,165.940011,2.406930,0.910996,39.627320,6.888581,0
zangetsu_upper_left_x26342_y7477,HSC-I,43158859342190112,267.208435,208.312159,0.456264,0.455791,-71.739297,0.653329,0
zangetsu_upper_left_x26342_y7477,HSC-I,43158859342190113,167.738501,199.933066,1.175907,1.175462,-6.413334,4.342419,0
zangetsu_upper_left_x26342_y7477,HSC-I,43158859342190114,242.360005,172.103390,4.354291,1.453771,1.755070,19.886736,0
zangetsu_upper_left_x26342_y7477,HSC-I,43158859342190115,178.324797,200.340036,1.508169,0.910275,3.068467,4.312931,0
zangetsu_upper_left_x26342_y7477,HSC-I,43158859342190116,171.454431,213.880997,0.304818,0.304723,-19.513629,0.291807,0
zangetsu_upper_left_x26342_y7477,HSC-I,43158859342190117,198.037386,160.468291,0.988047,0.987036,-35.096632,3.063800,0
zangetsu_upper_left_x26342_y7477,HSC-I,43158859342190118,239.061010,160.564724,1.903858,1.279401,29.205244,7.652285,0
zangetsu_upper_left_x26342_y7477,HSC-I,43158859342190120,226.902530,193.584869,1.816195,1.621204,18.399774,9.250177,0
zangetsu_upper_left_x26342_y7477,HSC-I,43158859342190123,420.905027,182.983527,1.141691,0.787152,-8.489579,2.823300,0
zangetsu_upper_left_x26342_y7477,HSC-I,43158859342190124,400.140546,164.366839,2.853087,1.983232,13.392358,17.776181,0
zangetsu_upper_left_x26342_y7477,HSC-I,43158859342190125,439.600184,180.696123,0.101909,0.101899,-58.190445,0.032623,0
zangetsu_upper_left_x26342_y7477,HSC-I,43158859342190126,402.833186,185.357875,4.403755,3.871321,13.594970,53.558973,0
zangetsu_upper_left_x26342_y7477,HSC-I,43158859342190213,99.511269,189.518999,3.921868,1.435706,2.540103,17.689212,0
zangetsu_upper_left_x26342_y7477,HSC-I,43158859342190214,104.505611,173.312128,2.353907,2.156182,2.303247,15.945004,0
zangetsu_upper_left_x26342_y7477,HSC-I,43158859342190215,113.507340,167.984927,2.427401,1.917598,84.130569,14.623417,0
zangetsu_upper_left_x26342_y7477,HSC-I,43158859342190217,85.807994,201.654917,0.848457,0.846601,-58.647979,2.256620,0
zangetsu_upper_left_x26342_y7477,HSC-I,43158859342190282,507.221718,217.744016,2.109916,1.148987,-48.722355,7.616054,0
zangetsu_upper_left_x26342_y7477,HSC-I,43158859342190283,477.487274,206.597804,0.761744,0.728035,-87.117428,1.742252,0
zangetsu_upper_left_x26342_y7477,HSC-I,43158859342190284,491.082608,216.983753,2.417125,1.426966,50.629539,10.835846,0
zangetsu_upper_left_x26342_y7477,HSC-I,43158859342190285,499.002710,218.391756,1.906729,1.906018,76.682480,11.417366,0
zangetsu_upper_left_x26342_y7477,HSC-I,43158859342190395,341.339682,344.289652,0.534690,0.312320,-15.836864,0.524628,0
zangetsu_upper_left_x26342_y7477,HSC-I,43158859342190397,386.528597,265.808884,1.880205,0.739351,1.388954,4.367230,0
zangetsu_upper_left_x26342_y7477,HSC-I,43158859342190398,451.247537,301.777286,1.770441,0.327667,-64.313022,1.822483,0
zangetsu_upper_left_x26342_y7477,HSC-I,43158859342190399,326.993485,306.219145,0.029864,0.028107,59.421846,0.002637,0
zangetsu_upper_left_x26342_y7477,HSC-I,43158859342190400,366.164648,297.934551,3.260472,2.471832,62.513003,25.319158,0
zangetsu_upper_left_x26342_y7477,HSC-I,43158859342190401,336.334359,196.781812,3.537228,1.922912,46.191111,21.368417,0
zangetsu_upper_left_x26342_y7477,HSC-I,43158859342190403,306.751702,254.783208,4.910356,2.399882,-50.917213,37.021393,0
zangetsu_upper_left_x26342_y7477,HSC-I,43158859342190405,343.062142,369.035448,2.680442,0.969641,-78.947490,8.165205,0
zangetsu_upper_left_x26342_y7477,HSC-I,43158859342190408,357.919736,286.671648,33.779888,16.961967,23.233094,1800.048902,1
zangetsu_upper_left_x26342_y7477,HSC-I,43158859342190410,454.376247,293.802098,3.126148,1.119894,-43.578203,10.998574,0
zangetsu_upper_left_x26342_y7477,HSC-I,43158859342190415,293.629808,290.893722,1.135935,0.668863,-26.906377,2.386934,0
zangetsu_upper_left_x26342_y7477,HSC-I,43158859342190423,352.428895,206.521521,3.104538,2.634011,-55.950804,25.690022,0
zangetsu_upper_left_x26342_y7477,HSC-I,43158859342190425,324.419419,228.422103,2.952888,0.974982,81.530760,9.044688,0
zangetsu_upper_left_x26342_y7477,HSC-I,43158859342190427,405.475912,306.177625,23.617661,21.284661,-67.983600,1579.259457,1
zangetsu_upper_left_x26342_y7477,HSC-I,43158859342190430,468.000000,336.000000,193.519578,79.300217,42.660185,48211.334652,1
zangetsu_upper_left_x26342_y7477,HSC-I,43158859342190431,285.365822,285.820603,0.686748,0.572797,-4.783084,1.235799,0
zangetsu_upper_left_x26342_y7477,HSC-I,43158859342190437,391.301120,239.459181,5.258376,3.070295,-50.217134,50.720276,0
zangetsu_upper_left_x26342_y7477,HSC-I,43158859342190438,320.138234,214.114147,5.250363,0.934447,44.234356,15.413245,0
zangetsu_upper_left_x26342_y7477,HSC-I,43158859342190440,475.854026,374.090339,1.518730,0.764124,-34.017885,3.645811,0
zangetsu_upper_left_x26342_y7477,HSC-I,43158859342190441,445.999947,460.854100,0.015557,0.015545,28.038197,0.000760,0
zangetsu_upper_left_x26342_y7477,HSC-I,43158859342190444,415.312802,408.211405,0.520177,0.519740,86.710640,0.849351,0
zangetsu_upper_left_x26342_y7477,HSC-I,43158859342190451,404.611369,241.364800,1.842163,0.834314,75.307374,4.828446,0
zangetsu_upper_left_x26342_y7477,HSC-I,43158859342190454,428.264603,285.643420,0.198736,0.198672,-76.677004,0.124041,0
zangetsu_upper_left_x26342_y7477,HSC-I,43158859342190455,494.063865,366.184526,0.022722,0.022718,-60.826311,0.001622,0
zangetsu_upper_left_x26342_y7477,HSC-I,43158859342190459,356.075141,229.230125,0.029945,0.029896,41.751941,0.002812,0
zangetsu_upper_left_x26342_y7477,HSC-I,43158859342190461,305.269459,236.570779,0.864923,0.851541,53.278887,2.313837,0
zangetsu_upper_left_x26342_y7477,HSC-I,43158859342190462,363.261480,201.775736,5.267386,3.329712,-32.992064,55.100017,0
zangetsu_upper_left_x26342_y7477,HSC-I,43158859342190465,398.113514,227.233647,0.551635,0.551106,-69.790415,0.955073,0
zangetsu_upper_left_x26342_y7477,HSC-I,43158859342190467,376.766531,214.692324,2.525331,0.948093,41.219897,7.521752,0
zangetsu_upper_left_x26342_y7477,HSC-I,43158859342190472,417.989104,210.042854,1.772373,0.681317,-6.878197,3.793627,0
zangetsu_upper_left_x26342_y7477,HSC-I,43158859342190473,323.941325,261.500586,6.662318,3.113634,31.654273,65.169256,0
zangetsu_upper_left_x26342_y7477,HSC-I,43158859342190475,340.872090,317.404713,104.314224,24.234071,39.140242,7941.815236,1
zangetsu_upper_left_x26342_y7477,HSC-I,43158859342190479,361.186996,353.884944,0.350749,0.350540,-52.267391,0.386264,0
zangetsu_upper_left_x26342_y7477,HSC-I,43158859342190485,317.664988,332.642557,0.948571,0.947267,25.648315,2.822878,0
zangetsu_upper_left_x26342_y7477,HSC-I,43158859342190495,353.000000,315.000000,24.506223,9.689790,-66.129427,746.003059,0
zangetsu_upper_left_x26342_y7477,HSC-I,43158859342190504,393.258883,218.824028,2.819459,2.818507,0.736726,24.965182,0
zangetsu_upper_left_x26342_y7477,HSC-I,43158859342190505,472.305442,498.402422,26.991470,26.031217,89.003195,2207.348373,1
zangetsu_upper_left_x26342_y7477,HSC-I,43158859342190512,435.729133,437.943080,0.020723,0.020719,-43.227711,0.001349,0
zangetsu_upper_left_x26342_y7477,HSC-I,43158859342190553,96.237891,285.152582,0.090550,0.090164,-46.032077,0.025649,0
zangetsu_upper_left_x26342_y7477,HSC-I,43158859342190554,130.609576,243.347411,2.361215,0.941959,4.916485,6.987427,0
zangetsu_upper_left_x26342_y7477,HSC-I,43158859342190557,73.622935,261.404180,2.146609,1.501074,-68.295760,10.122905,0
zangetsu_upper_left_x26342_y7477,HSC-I,43158859342190558,135.227299,213.047119,0.597355,0.379965,45.741089,0.713059,0
zangetsu_upper_left_x26342_y7477,HSC-I,43158859342190560,34.215391,260.452545,2.662898,0.638955,-30.951839,5.345331,0
zangetsu_upper_left_x26342_y7477,HSC-I,43158859342190561,101.325710,332.434565,1.971717,0.579377,-62.519539,3.588857,0
zangetsu_upper_left_x26342_y7477,HSC-I,43158859342190562,57.793041,269.062441,2.168116,1.082957,-4.535000,7.376384,0
zangetsu_upper_left_x26342_y7477,HSC-I,43158859342190563,18.051461,244.122698,1.313855,0.808760,-33.620039,3.338237,0
zangetsu_upper_left_x26342_y7477,HSC-I,43158859342190564,107.962881,338.976408,1.643375,1.169350,85.161232,6.037141,0
zangetsu_upper_left_x26342_y7477,HSC-I,43158859342190565,120.121833,275.743816,1.598204,0.402256,-60.699795,2.019688,0
zangetsu_upper_left_x26342_y7477,HSC-I,43158859342190566,112.499443,289.853785,0.143799,0.143772,-64.117032,0.064950,0
zangetsu_upper_left_x26342_y7477,HSC-I,43158859342190567,9.833911,252.116371,0.015462,0.015443,25.723772,0.000750,0
zangetsu_upper_left_x26342_y7477,HSC-I,43158859342190568,84.263279,280.154973,0.301805,0.301770,79.006020,0.286123,0
zangetsu_upper_left_x26342_y7477,HSC-I,43158859342190569,80.036997,323.766145,1.674649,1.349886,-15.920862,7.101840,0
zangetsu_upper_left_x26342_y7477,HSC-I,43158859342190570,11.727138,258.739383,1.790712,0.455447,25.635470,2.562205,0
zangetsu_upper_left_x26342_y7477,HSC-I,43158859342190571,111.739259,255.970231,2.115643,0.781745,-12.625258,5.195861,0
zangetsu_upper_left_x26342_y7477,HSC-I,43158859342190572,102.627848,317.799818,0.414537,0.414422,-54.862323,0.539704,0
zangetsu_upper_left_x26342_y7477,HSC-I,43158859342190573,23.766881,275.977671,2.402781,1.380502,-57.553221,10.420799,0
zangetsu_upper_left_x26342_y7477,HSC-I,43158859342190574,110.844238,249.532269,1.757518,1.006666,-29.745672,5.558212,0
zangetsu_upper_left_x26342_y7477,HSC-I,43158859342190575,92.322950,297.257140,0.808038,0.807742,55.366555,2.050472,0
zangetsu_upper_left_x26342_y7477,HSC-I,43158859342190576,112.079840,328.362309,0.468670,0.467432,25.250670,0.688232,0
zangetsu_upper_left_x26342_y7477,HSC-I,43158859342190579,96.607444,347.154968,0.415253,0.415231,84.044837,0.541691,0
zangetsu_upper_left_x26342_y7477,HSC-I,43158859342190581,77.421171,306.885779,2.789923,2.286725,-66.886464,20.042692,0
zangetsu_upper_left_x26342_y7477,HSC-I,43158859342190582,142.085323,225.170966,1.105556,1.105209,-19.235239,3.838618,0
zangetsu_upper_left_x26342_y7477,HSC-I,43158859342190583,8.181540,269.486439,1.091618,1.090742,74.323824,3.740611,0
zangetsu_upper_left_x26342_y7477,HSC-I,43158859342190585,87.077424,239.223139,1.041422,1.040368,-12.856560,3.403796,0
zangetsu_upper_left_x26342_y7477,HSC-I,43158859342190586,102.118375,307.734352,0.408605,0.408464,-74.096996,0.524333,0
zangetsu_upper_left_x26342_y7477,HSC-I,43158859342190587,107.027973,225.643698,3.247326,3.229393,77.236218,32.945540,0
zangetsu_upper_left_x26342_y7477,HSC-I,43158859342190588,92.310030,223.667303,22.648415,13.121185,-75.745707,933.599774,0
zangetsu_upper_left_x26342_y7477,HSC-I,43158859342190589,30.763038,236.810915,2.507526,2.095433,2.752747,16.507038,0
zangetsu_upper_left_x26342_y7477,HSC-I,43158859342190591,97.119217,250.024458,1.127480,1.127019,29.901323,3.991993,0
zangetsu_upper_left_x26342_y7477,HSC-I,43158859342190633,446.451396,253.411604,1.031159,0.421550,15.852579,1.365603,0
zangetsu_upper_left_x26342_y7477,HSC-I,43158859342190634,446.709418,273.886683,3.342208,1.026890,87.787192,10.782203,0
zangetsu_upper_left_x26342_y7477,HSC-I,43158859342190635,483.745320,239.488613,2.621253,1.100568,11.502402,9.063077,0
zangetsu_upper_left_x26342_y7477,HSC-I,43158859342190636,479.264479,251.932422,1.012526,1.011391,-87.467879,3.217180,0
zangetsu_upper_left_x26342_y7477,HSC-I,43158859342190637,467.236211,258.542448,4.307508,1.082172,-6.421546,14.644421,0
zangetsu_upper_left_x26342_y7477,HSC-I,43158859342190706,204.336763,295.176463,1.168209,0.515347,-11.891002,1.891342,0
zangetsu_upper_left_x26342_y7477,HSC-I,43158859342190707,209.712721,268.911607,0.624558,0.623162,-72.729991,1.222710,0
zangetsu_upper_left_x26342_y7477,HSC-I,43158859342190824,487.948973,279.258256,30.123999,15.338910,-50.305833,1451.633523,1
zangetsu_upper_left_x26342_y7477,HSC-I,43158859342190825,474.931265,276.146035,6.516509,4.168294,81.906791,85.334208,0
zangetsu_upper_left_x26342_y7477,HSC-I,43158859342190904,5.624206,326.980979,2.292790,0.809160,-11.083283,5.828388,0
zangetsu_upper_left_x26342_y7477,HSC-I,43158859342190997,247.995809,301.927124,0.539693,0.538790,-52.016153,0.913515,0
zangetsu_upper_left_x26342_y7477,HSC-I,43158859342190998,241.146158,309.878370,0.015459,0.015454,-5.391289,0.000751,0
zangetsu_upper_left_x26342_y7477,HSC-I,43158859342190999,252.710852,288.051677,1.504144,1.451199,-9.735468,6.857511,0
zangetsu_upper_left_x26342_y7477,HSC-I,43158859342191020,262.567096,327.457016,1.161192,0.934616,3.964337,3.409471,0
zangetsu_upper_left_x26342_y7477,HSC-I,43158859342191023,259.721205,316.524415,0.284672,0.284659,-47.295781,0.254578,0
zangetsu_upper_left_x26342_y7477,HSC-I,43158859342191048,62.146430,413.952662,0.026077,0.021738,88.322867,0.001781,0
zangetsu_upper_left_x26342_y7477,HSC-I,43158859342191049,94.163468,469.279428,1.948446,1.836978,-42.324188,11.244554,0
zangetsu_upper_left_x26342_y7477,HSC-I,43158859342191050,73.999354,430.996246,2.040055,1.045304,21.186503,6.699378,0
zangetsu_upper_left_x26342_y7477,HSC-I,43158859342191051,140.887126,383.736016,1.395654,1.255064,4.335337,5.502926,0
zangetsu_upper_left_x26342_y7477,HSC-I,43158859342191052,165.000000,422.000000,193.091442,117.236775,76.796940,71117.545820,1
zangetsu_upper_left_x26342_y7477,HSC-I,43158859342191054,157.519235,347.129590,0.312839,0.312650,58.338273,0.307276,0
zangetsu_upper_left_x26342_y7477,HSC-I,43158859342191055,196.093629,416.282423,1.685080,0.906996,25.291820,4.801488,0
zangetsu_upper_left_x26342_y7477,HSC-I,43158859342191057,204.030277,434.054984,71.580804,16.355031,-21.039860,3677.882195,1
zangetsu_upper_left_x26342_y7477,HSC-I,43158859342191059,141.820499,504.788937,0.422401,0.421748,-4.379783,0.559665,0
zangetsu_upper_left_x26342_y7477,HSC-I,43158859342191062,138.490641,486.174966,2.259052,1.575308,-50.656118,11.179996,0
zangetsu_upper_left_x26342_y7477,HSC-I,43158859342191065,204.867274,464.943994,1.895103,1.162482,-38.916621,6.921002,0
zangetsu_upper_left_x26342_y7477,HSC-I,43158859342191066,165.159045,358.276604,1.019890,0.541940,-29.218200,1.736418,0
zangetsu_upper_left_x26342_y7477,HSC-I,43158859342191068,235.036649,438.230985,2.945161,0.903423,7.031174,8.358918,0
zangetsu_upper_left_x26342_y7477,HSC-I,43158859342191070,161.410159,327.115289,0.477010,0.476462,-46.119588,0.714012,0
zangetsu_upper_left_x26342_y7477,HSC-I,43158859342191073,115.894745,359.643458,0.599365,0.599223,-67.996304,1.128314,0
zangetsu_upper_left_x26342_y7477,HSC-I,43158859342191077,212.419222,326.063596,4.859662,3.299800,22.758313,50.378308,0
zangetsu_upper_left_x26342_y7477,HSC-I,43158859342191125,299.262490,338.594374,2.162150,2.104815,-87.934223,14.297156,0
zangetsu_upper_left_x26342_y7477,HSC-I,43158859342191161,51.593065,354.546028,2.655643,0.706130,-29.947082,5.891209,0
zangetsu_upper_left_x26342_y7477,HSC-I,43158859342191162,60.224154,342.396523,1.609164,1.607215,21.625613,8.125015,0
zangetsu_upper_left_x26342_y7477,HSC-I,43158859342191194,423.605829,362.655714,9.068707,4.897976,-62.345166,139.544243,0
zangetsu_upper_left_x26342_y7477,HSC-I,43158859342191195,410.247031,360.940056,0.275960,0.275735,-16.283385,0.239050,0
zangetsu_upper_left_x26342_y7477,HSC-I,43158859342191196,442.101570,370.154768,0.732435,0.731971,-42.683054,1.684273,0
zangetsu_upper_left_x26342_y7477,HSC-I,43158859342191468,23.878995,405.725521,3.922239,1.866641,-49.695831,23.000902,0
zangetsu_upper_left_x26342_y7477,HSC-I,43158859342191469,19.979136,399.669208,0.782574,0.782383,-74.606208,1.923511,0
zangetsu_upper_left_x26342_y7477,HSC-I,43158859342191470,5.753646,416.827445,1.896114,1.425410,-5.844204,8.490912,0
zangetsu_upper_left_x26342_y7477,HSC-I,43158859342191471,33.013849,394.864173,1.638113,0.802465,4.414223,4.129714,0
zangetsu_upper_left_x26342_y7477,HSC-I,43158859342191527,256.168846,392.068380,1.244566,0.453944,-0.282376,1.774885,0
zangetsu_upper_left_x26342_y7477,HSC-I,43158859342191528,251.237117,380.926344,5.210653,1.392198,-44.456071,22.789937,0
zangetsu_upper_left_x26342_y7477,HSC-I,43158859342191606,403.815058,437.110434,0.522277,0.519323,12.307961,0.852095,0
zangetsu_upper_left_x26342_y7477,HSC-I,43158859342191811,1.103427,449.984089,4.091961,3.356891,-27.819038,43.153760,0
zangetsu_upper_left_x26342_y7477,HSC-I,43158859342191812,11.714004,455.705875,4.157014,1.089637,-70.175699,14.230270,0
zangetsu_upper_left_x26342_y7477,HSC-I,43158859342191815,28.374170,449.349785,1.382837,0.858435,14.683696,3.729310,0
zangetsu_upper_left_x26342_y7477,HSC-I,43158859342191816,23.141343,440.215190,0.881969,0.880628,-32.201622,2.440034,0
zangetsu_upper_left_x26342_y7477,HSC-I,43158859342191820,26.057398,430.687677,0.032592,0.032587,-46.752835,0.003337,0
zangetsu_upper_left_x26342_y7477,HSC-I,43158859342191822,14.643300,433.182170,3.183739,1.086164,-54.405548,10.863824,0
zangetsu_upper_left_x26342_y7477,HSC-I,43158859342191827,394.028551,493.622606,2.460015,1.728015,82.232127,13.354733,0
zangetsu_upper_left_x26342_y7477,HSC-I,43158859342191828,421.898164,482.911651,1.962194,1.378569,6.572425,8.498067,0
zangetsu_upper_left_x26342_y7477,HSC-I,43158859342191829,397.380930,463.623178,1.957782,0.991341,-28.024521,6.097297,0
zangetsu_upper_left_x26342_y7477,HSC-I,43158859342191830,373.112883,461.598243,2.041336,0.820682,-71.325560,5.263073,0
zangetsu_upper_left_x26342_y7477,HSC-I,43158859342191831,382.161892,462.595194,1.076852,0.627724,76.309218,2.123609,0
zangetsu_upper_left_x26342_y7477,HSC-I,43158859342191832,375.194024,479.332931,1.175449,0.739168,64.812046,2.729587,0
zangetsu_upper_left_x26342_y7477,HSC-I,43158859342191833,412.566910,487.079579,1.086405,0.921935,-42.901138,3.146606,0
zangetsu_upper_left_x26342_y7477,HSC-I,43158859342191834,365.610665,474.148509,2.377087,1.384056,29.268391,10.335911,0
zangetsu_upper_left_x26342_y7477,HSC-I,43158859342191835,351.197438,447.907813,1.265685,0.668557,-66.287885,2.658361,0
zangetsu_upper_left_x26342_y7477,HSC-I,43158859342191836,434.896430,488.163201,0.777282,0.776719,-10.141811,1.896674,0
zangetsu_upper_left_x26342_y7477,HSC-I,43158859342191837,354.510825,464.124310,2.585066,2.584635,-18.292969,20.990399,0
zangetsu_upper_left_x26342_y7477,HSC-I,43158859342191838,406.557567,502.725552,1.294173,1.293049,1.224708,5.257232,0
zangetsu_upper_left_x26342_y7477,HSC-I,43158859342191841,324.908715,451.928058,1.160223,1.158235,-62.743601,4.221709,0
zangetsu_upper_left_x26342_y7477,HSC-I,43158859342191858,44.932459,492.698648,2.392323,0.970903,13.854035,7.297019,0
zangetsu_upper_left_x26342_y7477,HSC-I,43158859342191859,56.091871,471.931647,2.513975,1.119687,72.472033,8.843160,0
zangetsu_upper_left_x26342_y7477,HSC-I,43158859342191860,46.755118,484.591455,0.540390,0.540180,57.076212,0.917055,0
zangetsu_upper_left_x26342_y7477,HSC-I,43158859342191861,51.490053,463.043622,1.384047,1.382045,-58.095501,6.009287,0
zangetsu_upper_left_x26342_y7477,HSC-I,43158859342191862,38.715550,499.356782,0.514222,0.514080,-29.617263,0.830484,0
zangetsu_upper_left_x26342_y7477,HSC-I,43158859342191999,281.715907,507.565415,1.528458,1.503891,-80.241030,7.221373,0
