level,dataset,tile,band,GT,TP,FP,FN,precision,recall,clean_GT,clean_TP,clean_FP,clean_FN,clean_precision,clean_recall,ordinary_GT,ordinary_TP,ordinary_FP,ordinary_FN,ordinary_precision,ordinary_recall,total_GT,total_TP,total_FP,total_FN,total_precision,total_recall
band,coadd,zangetsu_lower_right_x27366_y6453,HSC-G,356,334,223,22,0.599640933572711,0.9382022471910112,356,334,223,22,0.599640933572711,0.9382022471910112,45,35,16,10,0.6862745098039216,0.7777777777777778,401,369,239,32,0.6069078947368421,0.9201995012468828
band,coadd,zangetsu_lower_right_x27366_y6453,HSC-R,352,341,236,11,0.5909878682842288,0.96875,352,341,236,11,0.5909878682842288,0.96875,58,45,16,13,0.7377049180327869,0.7758620689655172,410,386,252,24,0.6050156739811913,0.9414634146341463
band,coadd,zangetsu_lower_right_x27366_y6453,HSC-I,339,325,160,14,0.6701030927835051,0.9587020648967551,339,325,160,14,0.6701030927835051,0.9587020648967551,73,58,16,15,0.7837837837837838,0.7945205479452054,412,383,176,29,0.6851520572450805,0.9296116504854369
band,coadd,zangetsu_lower_right_x27366_y6453,HSC-Z,291,281,173,10,0.6189427312775331,0.9656357388316151,291,281,173,10,0.6189427312775331,0.9656357388316151,113,98,33,15,0.7480916030534351,0.8672566371681416,404,379,206,25,0.6478632478632479,0.9381188118811881
band,coadd,zangetsu_lower_right_x27366_y6453,HSC-Y,230,217,122,13,0.640117994100295,0.9434782608695652,230,217,122,13,0.640117994100295,0.9434782608695652,147,125,18,22,0.8741258741258742,0.8503401360544217,377,342,140,35,0.7095435684647303,0.9071618037135278
band,coadd,zangetsu_upper_left_x26342_y7477,HSC-G,286,270,171,16,0.6122448979591837,0.9440559440559441,286,270,171,16,0.6122448979591837,0.9440559440559441,86,64,19,22,0.7710843373493976,0.7441860465116279,372,334,190,38,0.6374045801526718,0.8978494623655914
band,coadd,zangetsu_upper_left_x26342_y7477,HSC-R,290,270,214,20,0.5578512396694215,0.9310344827586207,290,270,214,20,0.5578512396694215,0.9310344827586207,94,69,29,25,0.7040816326530612,0.7340425531914894,384,339,243,45,0.5824742268041238,0.8828125
band,coadd,zangetsu_upper_left_x26342_y7477,HSC-I,284,254,155,30,0.6210268948655256,0.8943661971830986,284,254,155,30,0.6210268948655256,0.8943661971830986,98,84,17,14,0.8316831683168316,0.8571428571428571,382,338,172,44,0.6627450980392157,0.8848167539267016
band,coadd,zangetsu_upper_left_x26342_y7477,HSC-Z,253,240,127,13,0.6539509536784741,0.9486166007905138,253,240,127,13,0.6539509536784741,0.9486166007905138,131,99,27,32,0.7857142857142857,0.7557251908396947,384,339,154,45,0.6876267748478702,0.8828125
band,coadd,zangetsu_upper_left_x26342_y7477,HSC-Y,185,159,85,26,0.6516393442622951,0.8594594594594595,185,159,85,26,0.6516393442622951,0.8594594594594595,166,133,17,33,0.8866666666666667,0.8012048192771084,351,292,102,59,0.7411167512690355,0.8319088319088319
band,denoised,zangetsu_lower_right_x27366_y6453,HSC-G,356,316,210,40,0.6007604562737643,0.8876404494382022,356,316,210,40,0.6007604562737643,0.8876404494382022,45,29,11,16,0.725,0.6444444444444445,401,345,221,56,0.6095406360424028,0.8603491271820449
band,denoised,zangetsu_lower_right_x27366_y6453,HSC-R,352,327,243,25,0.5736842105263158,0.9289772727272727,352,327,243,25,0.5736842105263158,0.9289772727272727,58,40,9,18,0.8163265306122449,0.6896551724137931,410,367,252,43,0.592891760904685,0.8951219512195122
band,denoised,zangetsu_lower_right_x27366_y6453,HSC-I,339,319,268,20,0.5434412265758092,0.9410029498525073,339,319,268,20,0.5434412265758092,0.9410029498525073,73,43,2,30,0.9555555555555556,0.589041095890411,412,362,270,50,0.5727848101265823,0.8786407766990292
band,denoised,zangetsu_lower_right_x27366_y6453,HSC-Z,291,269,226,22,0.5434343434343434,0.9243986254295533,291,269,226,22,0.5434343434343434,0.9243986254295533,113,88,10,25,0.8979591836734694,0.7787610619469026,404,357,236,47,0.6020236087689713,0.8836633663366337
band,denoised,zangetsu_lower_right_x27366_y6453,HSC-Y,230,203,214,27,0.486810551558753,0.8826086956521739,230,203,214,27,0.486810551558753,0.8826086956521739,147,128,34,19,0.7901234567901234,0.8707482993197279,377,331,248,46,0.5716753022452504,0.8779840848806366
band,denoised,zangetsu_upper_left_x26342_y7477,HSC-G,286,256,190,30,0.5739910313901345,0.8951048951048951,286,256,190,30,0.5739910313901345,0.8951048951048951,86,50,6,36,0.8928571428571429,0.5813953488372093,372,306,196,66,0.6095617529880478,0.8225806451612904
band,denoised,zangetsu_upper_left_x26342_y7477,HSC-R,290,261,227,29,0.5348360655737705,0.9,290,261,227,29,0.5348360655737705,0.9,94,59,19,35,0.7564102564102564,0.6276595744680851,384,320,246,64,0.5653710247349824,0.8333333333333334
band,denoised,zangetsu_upper_left_x26342_y7477,HSC-I,284,256,202,28,0.5589519650655022,0.9014084507042254,284,256,202,28,0.5589519650655022,0.9014084507042254,98,72,12,26,0.8571428571428571,0.7346938775510204,382,328,214,54,0.6051660516605166,0.8586387434554974
band,denoised,zangetsu_upper_left_x26342_y7477,HSC-Z,253,226,197,27,0.5342789598108747,0.8932806324110671,253,226,197,27,0.5342789598108747,0.8932806324110671,131,93,13,38,0.8773584905660378,0.7099236641221374,384,319,210,65,0.6030245746691871,0.8307291666666666
band,denoised,zangetsu_upper_left_x26342_y7477,HSC-Y,185,148,148,37,0.5,0.8,185,148,148,37,0.5,0.8,166,120,13,46,0.9022556390977443,0.7228915662650602,351,268,161,83,0.6247086247086248,0.7635327635327636
band,noisy,zangetsu_lower_right_x27366_y6453,HSC-G,356,329,189,27,0.6351351351351351,0.9241573033707865,356,329,189,27,0.6351351351351351,0.9241573033707865,45,30,18,15,0.625,0.6666666666666666,401,359,207,42,0.6342756183745583,0.8952618453865336
band,noisy,zangetsu_lower_right_x27366_y6453,HSC-R,352,326,231,26,0.585278276481149,0.9261363636363636,352,326,231,26,0.585278276481149,0.9261363636363636,58,38,13,20,0.7450980392156863,0.6551724137931034,410,364,244,46,0.5986842105263158,0.8878048780487805
band,noisy,zangetsu_lower_right_x27366_y6453,HSC-I,339,312,172,27,0.6446280991735537,0.9203539823008849,339,312,172,27,0.6446280991735537,0.9203539823008849,73,51,9,22,0.85,0.6986301369863014,412,363,181,49,0.6672794117647058,0.8810679611650486
band,noisy,zangetsu_lower_right_x27366_y6453,HSC-Z,291,274,157,17,0.6357308584686775,0.9415807560137457,291,274,157,17,0.6357308584686775,0.9415807560137457,113,86,25,27,0.7747747747747747,0.7610619469026548,404,360,182,44,0.6642066420664207,0.8910891089108911
band,noisy,zangetsu_lower_right_x27366_y6453,HSC-Y,230,214,120,16,0.6407185628742516,0.9304347826086956,230,214,120,16,0.6407185628742516,0.9304347826086956,147,111,20,36,0.8473282442748091,0.7551020408163265,377,325,140,52,0.6989247311827957,0.8620689655172413
band,noisy,zangetsu_upper_left_x26342_y7477,HSC-G,286,252,163,34,0.6072289156626506,0.8811188811188811,286,252,163,34,0.6072289156626506,0.8811188811188811,86,54,17,32,0.7605633802816901,0.627906976744186,372,306,180,66,0.6296296296296297,0.8225806451612904
band,noisy,zangetsu_upper_left_x26342_y7477,HSC-R,290,258,223,32,0.5363825363825364,0.8896551724137931,290,258,223,32,0.5363825363825364,0.8896551724137931,94,55,23,39,0.7051282051282052,0.5851063829787234,384,313,246,71,0.5599284436493739,0.8151041666666666
band,noisy,zangetsu_upper_left_x26342_y7477,HSC-I,284,249,174,35,0.5886524822695035,0.8767605633802817,284,249,174,35,0.5886524822695035,0.8767605633802817,98,66,11,32,0.8571428571428571,0.673469387755102,382,315,185,67,0.63,0.824607329842932
band,noisy,zangetsu_upper_left_x26342_y7477,HSC-Z,253,230,131,23,0.6371191135734072,0.9090909090909091,253,230,131,23,0.6371191135734072,0.9090909090909091,131,79,16,52,0.8315789473684211,0.6030534351145038,384,309,147,75,0.6776315789473685,0.8046875
band,noisy,zangetsu_upper_left_x26342_y7477,HSC-Y,185,152,97,33,0.6104417670682731,0.8216216216216217,185,152,97,33,0.6104417670682731,0.8216216216216217,166,107,13,59,0.8916666666666667,0.6445783132530121,351,259,110,92,0.7018970189701897,0.7378917378917379
tile,coadd,zangetsu_lower_right_x27366_y6453,ALL,1568,1498,914,70,0.62106135986733,0.9553571428571429,1568,1498,914,70,0.62106135986733,0.9553571428571429,436,361,99,75,0.7847826086956522,0.8279816513761468,2004,1859,1013,145,0.6472841225626741,0.9276447105788423
tile,coadd,zangetsu_upper_left_x26342_y7477,ALL,1298,1193,752,105,0.6133676092544987,0.9191063174114021,1298,1193,752,105,0.6133676092544987,0.9191063174114021,575,449,109,126,0.8046594982078853,0.7808695652173913,1873,1642,861,231,0.65601278465841,0.8766684463427656
tile,denoised,zangetsu_lower_right_x27366_y6453,ALL,1568,1434,1161,134,0.5526011560693641,0.9145408163265306,1568,1434,1161,134,0.5526011560693641,0.9145408163265306,436,328,66,108,0.8324873096446701,0.7522935779816514,2004,1762,1227,242,0.5894948143191703,0.8792415169660679
tile,denoised,zangetsu_upper_left_x26342_y7477,ALL,1298,1147,964,151,0.5433443865466604,0.8836671802773498,1298,1147,964,151,0.5433443865466604,0.8836671802773498,575,394,63,181,0.862144420131291,0.6852173913043478,1873,1541,1027,332,0.6000778816199377,0.8227442605445809
tile,noisy,zangetsu_lower_right_x27366_y6453,ALL,1568,1455,869,113,0.6260757314974182,0.9279336734693877,1568,1455,869,113,0.6260757314974182,0.9279336734693877,436,316,85,120,0.7880299251870324,0.7247706422018348,2004,1771,954,233,0.649908256880734,0.8837325349301397
tile,noisy,zangetsu_upper_left_x26342_y7477,ALL,1298,1141,788,157,0.5914981855883877,0.8790446841294299,1298,1141,788,157,0.5914981855883877,0.8790446841294299,575,361,80,214,0.81859410430839,0.6278260869565218,1873,1502,868,371,0.6337552742616034,0.801922050186866
band_total,coadd,ALL,HSC-G,642,604,394,38,0.6052104208416834,0.940809968847352,642,604,394,38,0.6052104208416834,0.940809968847352,131,99,35,32,0.7388059701492538,0.7557251908396947,773,703,429,70,0.6210247349823321,0.9094437257438551
band_total,coadd,ALL,HSC-R,642,611,450,31,0.5758718190386428,0.9517133956386293,642,611,450,31,0.5758718190386428,0.9517133956386293,152,114,45,38,0.7169811320754716,0.75,794,725,495,69,0.5942622950819673,0.9130982367758187
band_total,coadd,ALL,HSC-I,623,579,315,44,0.6476510067114094,0.9293739967897271,623,579,315,44,0.6476510067114094,0.9293739967897271,171,142,33,29,0.8114285714285714,0.8304093567251462,794,721,348,73,0.6744621141253508,0.9080604534005038
band_total,coadd,ALL,HSC-Z,544,521,300,23,0.6345919610231425,0.9577205882352942,544,521,300,23,0.6345919610231425,0.9577205882352942,244,197,60,47,0.7665369649805448,0.8073770491803278,788,718,360,70,0.6660482374768089,0.9111675126903553
band_total,coadd,ALL,HSC-Y,415,376,207,39,0.6449399656946827,0.9060240963855422,415,376,207,39,0.6449399656946827,0.9060240963855422,313,258,35,55,0.8805460750853242,0.8242811501597445,728,634,242,94,0.723744292237443,0.8708791208791209
band_total,denoised,ALL,HSC-G,642,572,400,70,0.588477366255144,0.8909657320872274,642,572,400,70,0.588477366255144,0.8909657320872274,131,79,17,52,0.8229166666666666,0.6030534351145038,773,651,417,122,0.6095505617977528,0.8421733505821475
band_total,denoised,ALL,HSC-R,642,588,470,54,0.555765595463138,0.9158878504672897,642,588,470,54,0.555765595463138,0.9158878504672897,152,99,28,53,0.7795275590551181,0.6513157894736842,794,687,498,107,0.579746835443038,0.8652392947103275
band_total,denoised,ALL,HSC-I,623,575,470,48,0.5502392344497608,0.9229534510433387,623,575,470,48,0.5502392344497608,0.9229534510433387,171,115,14,56,0.8914728682170543,0.672514619883041,794,690,484,104,0.5877342419080068,0.8690176322418136
band_total,denoised,ALL,HSC-Z,544,495,423,49,0.5392156862745098,0.9099264705882353,544,495,423,49,0.5392156862745098,0.9099264705882353,244,181,23,63,0.8872549019607843,0.7418032786885246,788,676,446,112,0.6024955436720143,0.8578680203045685
band_total,denoised,ALL,HSC-Y,415,351,362,64,0.49228611500701264,0.8457831325301205,415,351,362,64,0.49228611500701264,0.8457831325301205,313,248,47,65,0.8406779661016949,0.792332268370607,728,599,409,129,0.5942460317460317,0.8228021978021978
band_total,noisy,ALL,HSC-G,642,581,352,61,0.6227224008574491,0.9049844236760125,642,581,352,61,0.6227224008574491,0.9049844236760125,131,84,35,47,0.7058823529411765,0.6412213740458015,773,665,387,108,0.6321292775665399,0.8602846054333765
band_total,noisy,ALL,HSC-R,642,584,454,58,0.5626204238921002,0.9096573208722741,642,584,454,58,0.5626204238921002,0.9096573208722741,152,93,36,59,0.7209302325581395,0.6118421052631579,794,677,490,117,0.5801199657240789,0.8526448362720404
band_total,noisy,ALL,HSC-I,623,561,346,62,0.6185226019845645,0.9004815409309791,623,561,346,62,0.6185226019845645,0.9004815409309791,171,117,20,54,0.8540145985401459,0.6842105263157895,794,678,366,116,0.6494252873563219,0.853904282115869
band_total,noisy,ALL,HSC-Z,544,504,288,40,0.6363636363636364,0.9264705882352942,544,504,288,40,0.6363636363636364,0.9264705882352942,244,165,41,79,0.8009708737864077,0.6762295081967213,788,669,329,119,0.6703406813627254,0.8489847715736041
band_total,noisy,ALL,HSC-Y,415,366,217,49,0.62778730703259,0.8819277108433735,415,366,217,49,0.62778730703259,0.8819277108433735,313,218,33,95,0.8685258964143426,0.6964856230031949,728,584,250,144,0.7002398081534772,0.8021978021978022
dataset_total,coadd,ALL,ALL,2866,2691,1666,175,0.6176268074363094,0.9389392882065597,2866,2691,1666,175,0.6176268074363094,0.9389392882065597,1011,810,208,201,0.7956777996070727,0.8011869436201781,3877,3501,1874,376,0.6513488372093024,0.9030177972659272
dataset_total,denoised,ALL,ALL,2866,2581,2125,285,0.5484487887802805,0.9005582693649686,2866,2581,2125,285,0.5484487887802805,0.9005582693649686,1011,722,129,289,0.8484136310223267,0.7141444114737884,3877,3303,2254,574,0.5943854597804571,0.851947381996389
dataset_total,noisy,ALL,ALL,2866,2596,1657,270,0.6103926640018811,0.9057920446615492,2866,2596,1657,270,0.6103926640018811,0.9057920446615492,1011,677,165,334,0.8040380047505938,0.6696340257171117,3877,3273,1822,604,0.6423945044160942,0.8442094402888831
